Data,N,Pearson Train,Spearman Train,Pearson Test,Spearman Test
appceleratorstudio,1,0.43427249585221767,0.48701417409787034,0.3051242130769274,0.3022565675292882
appceleratorstudio,1,0.4478954787702526,0.4938456106782872,0.2739116500278477,0.2563314415267696
appceleratorstudio,1,0.453826554325622,0.49451138036190834,0.32984605762303454,0.2949315475564973
appceleratorstudio,1,0.4546361111882891,0.48838496026892614,0.2950038972169296,0.28850693696264945
appceleratorstudio,1,0.4560297154567118,0.5065274689606666,0.26783797201322906,0.26372399955472897
appceleratorstudio,1,0.4580371138843483,0.501776738845562,0.2820362673631931,0.2609349425391904
appceleratorstudio,1,0.4636026232600355,0.49815135138262867,0.27331352885290083,0.2797652515530246
appceleratorstudio,1,0.4320796128541702,0.48164843116075584,0.3176417995291243,0.29625626713593217
appceleratorstudio,1,0.4519077818622496,0.4974238196752653,0.2741788623148873,0.2680302285662199
appceleratorstudio,1,0.44911736787805956,0.4960321291349805,0.28555755606269634,0.27573211546127113
appceleratorstudio,2,0.4792510975510412,0.5286511258480376,0.29271922653062543,0.2838295917292898
appceleratorstudio,2,0.47755789001875826,0.530166207465709,0.30237100615780843,0.2913190294541888
appceleratorstudio,2,0.48599043257365143,0.5297782675523935,0.30372667227139133,0.3008296749945987
appceleratorstudio,2,0.47125893988435746,0.5285322429319103,0.31195302721734147,0.29804761030794547
appceleratorstudio,2,0.48234148095002494,0.5290396824253063,0.3171232079836159,0.30288166212697876
appceleratorstudio,2,0.4812114850131216,0.5378201121242054,0.24945772781223818,0.251587505796829
appceleratorstudio,2,0.48377878782857264,0.5339461356174415,0.28337853343880004,0.2926608050881945
appceleratorstudio,2,0.4735373406372466,0.5273719017840176,0.2927894223594443,0.28105556495341144
appceleratorstudio,2,0.4711307698436821,0.5277820313137528,0.25315536195011645,0.25575552195231493
appceleratorstudio,2,0.4821022439308772,0.5333879415949271,0.27960219828072225,0.2798019122680217
appceleratorstudio,3,0.4942531606491046,0.5458730439122566,0.2978639264616628,0.2945929423965022
appceleratorstudio,3,0.4937633220636194,0.5418338166499729,0.3089825109793718,0.30216057004206776
appceleratorstudio,3,0.49110663787405756,0.5408737105489885,0.3108117123186169,0.3047961225664689
appceleratorstudio,3,0.49852401669076074,0.5468217880166382,0.2814261412800637,0.2624248640571503
appceleratorstudio,3,0.4953208027989259,0.5495969511561377,0.29815002766127635,0.2940992316981015
appceleratorstudio,3,0.49192023803613966,0.5461527859961319,0.2553315392649457,0.25470271901299196
appceleratorstudio,3,0.49260996793302825,0.5511541735997652,0.2968206851167994,0.2995879484776349
appceleratorstudio,3,0.49213275032470016,0.5491508033575672,0.2729710275820096,0.27187411433599207
appceleratorstudio,3,0.49707933523778286,0.5471817238434874,0.29889145912506965,0.3005674626613977
appceleratorstudio,3,0.4936867548194101,0.5416064273275265,0.3083008317864326,0.2936569505588856
appceleratorstudio,4,0.5065539032714136,0.5589400463034677,0.29777981643166807,0.29788976011708024
appceleratorstudio,4,0.4996606670401819,0.5583685540868868,0.2761776141008027,0.2685002502999389
appceleratorstudio,4,0.4952101417054721,0.5563893806802352,0.28972259322639804,0.28194094409269427
appceleratorstudio,4,0.4943864977436354,0.557552279097786,0.273648438511181,0.2748056972328293
appceleratorstudio,4,0.5027781832478637,0.5556156324830914,0.26638019435062965,0.2646099995082587
appceleratorstudio,4,0.5026177755327083,0.5554567869019293,0.3156003545692616,0.3097576046782727
appceleratorstudio,4,0.49681740660094054,0.5582926466237023,0.3011539814585549,0.29334736029632125
appceleratorstudio,4,0.4995981428843538,0.5569979349391893,0.2583663700699765,0.26033784993147535
appceleratorstudio,4,0.5022371481774608,0.5583747540331297,0.28262229916743714,0.28453366043406403
appceleratorstudio,4,0.5005036480601645,0.5599705765054791,0.2764037517719158,0.28522681587786775
appceleratorstudio,5,0.5129339720932992,0.5658802753360722,0.2856292952442094,0.28642443190887246
appceleratorstudio,5,0.5049504911191812,0.5666666482459992,0.2675980449259437,0.2651748424495726
appceleratorstudio,5,0.5015846250378901,0.5637769105113671,0.29954593424626597,0.29292265800262085
appceleratorstudio,5,0.5053960586354592,0.5618102682648259,0.27968414783567164,0.2798375274011293
appceleratorstudio,5,0.5019591722034777,0.5610613786292021,0.2673194979132904,0.2612757368862665
appceleratorstudio,5,0.5031991129159489,0.5598338118041222,0.2869070673607566,0.28190166942297373
appceleratorstudio,5,0.5093115213525696,0.5624265026594324,0.2814987711117673,0.2793263358805152
appceleratorstudio,5,0.504082990165368,0.5606073057926944,0.29045332103784605,0.2874133563296399
appceleratorstudio,5,0.5120218853864681,0.5654174466198386,0.2902569673860158,0.2893046179209589
appceleratorstudio,5,0.5046638708738065,0.5676997406157146,0.2741144882920289,0.2756350070432932
appceleratorstudio,10,0.5174303894894091,0.5819593578677185,0.27389382570380405,0.2751882168321793
appceleratorstudio,10,0.5172628840303916,0.581557683344465,0.26999958176240496,0.2710778383783464
appceleratorstudio,10,0.520343320889013,0.5825944370033385,0.2628121210056085,0.2675771975382036
appceleratorstudio,10,0.5140353211199384,0.5817213505618108,0.2736586912880761,0.2724276192486928
appceleratorstudio,10,0.5122415970944318,0.5802593064523571,0.29802345985514456,0.29529462586759125
appceleratorstudio,10,0.5155779850521225,0.5795686609475263,0.2763213565686589,0.2705974588490356
appceleratorstudio,10,0.5177927926628414,0.5814919309994233,0.273876639259973,0.2735331260501283
appceleratorstudio,10,0.5161083488671462,0.5811310077265617,0.27864188594618244,0.2737183900911562
appceleratorstudio,10,0.5169319107241931,0.5794536905903015,0.27102642542308875,0.2715934736219905
appceleratorstudio,10,0.5209626758412916,0.5823198750925919,0.2771834007324553,0.28345622097147216
aptanastudio,1,0.5534230370018532,0.611202029009849,0.24063953424204282,0.1342937215771444
aptanastudio,1,0.5316368151846536,0.5988667387327145,0.1332083181168076,0.04741281018625692
aptanastudio,1,0.5282500033536734,0.6046246130768294,0.2746327761736775,0.22851966395052925
aptanastudio,1,0.525214042711973,0.5964069098140542,0.1955543776644226,0.12043555915991609
aptanastudio,1,0.547011023240138,0.587440646550731,0.3092938713929886,0.20909774642976517
aptanastudio,1,0.5177396557077724,0.5672921213116199,0.1984330480203605,0.03358606597855019
aptanastudio,1,0.5475664615031756,0.6010194244034218,0.29333783256126206,0.22888575439191092
aptanastudio,1,0.5272919705662339,0.608034834762455,0.25671320686575794,0.19533247263199194
aptanastudio,1,0.557970346270032,0.6127804820809374,0.3800829431564401,0.35705155910324105
aptanastudio,1,0.5465133106432283,0.6126628554488031,0.2149183699042953,0.1253928062187748
aptanastudio,2,0.5908303217195464,0.6752425264208457,0.1932579098084019,0.1426031549910428
aptanastudio,2,0.6073415242680235,0.6766025632294272,0.25740805529753963,0.2198345780314817
aptanastudio,2,0.6129969115725483,0.6903868496807897,0.14064546686322985,0.12880919500196727
aptanastudio,2,0.5986454951789838,0.6842969462818514,0.18981562793199291,0.10542448505415741
aptanastudio,2,0.5945310690213745,0.679041984941435,0.20868629534705674,0.1297831594971357
aptanastudio,2,0.5991357970012877,0.6884746775170597,0.21644474594079258,0.1515655407593459
aptanastudio,2,0.593789953417178,0.6651081935195956,0.2548289033593052,0.26477354572019296
aptanastudio,2,0.5950508461748404,0.665917024493829,0.22283874050714655,0.14167426879649228
aptanastudio,2,0.6076446337259683,0.6814524225048636,0.2315757846163161,0.17164041063451463
aptanastudio,2,0.5794012882891145,0.6750822474592789,0.28300184017044927,0.17379733901862537
aptanastudio,3,0.6086477627617844,0.6924337601095614,0.2594619319167153,0.1863646228272503
aptanastudio,3,0.6069532352599555,0.7024114476305533,0.19343292724788377,0.12595013793550508
aptanastudio,3,0.6255309183138508,0.7017338480928895,0.2061079877991965,0.1506557786923302
aptanastudio,3,0.6278128470296273,0.70241677124968,0.1646494231558498,0.11547558008283813
aptanastudio,3,0.632629379459312,0.7153690732087021,0.266756716147132,0.17989520368402773
aptanastudio,3,0.622998744715157,0.7075908854059768,0.14941777560789177,0.08924820517788169
aptanastudio,3,0.6337928594212597,0.7020746019679486,0.19234516109418956,0.11906272000473477
aptanastudio,3,0.6278471500534768,0.6981149067367379,0.20839675808525318,0.20050008509373415
aptanastudio,3,0.6271964028827236,0.7009948579314861,0.21640157224657702,0.12520702897986466
aptanastudio,3,0.6236494274990059,0.7038915827515781,0.19980816851617575,0.17675474874098115
aptanastudio,4,0.6585987836026388,0.7347795589326827,0.15479182809701125,0.09151987832720163
aptanastudio,4,0.6388580985280514,0.7274191696040453,0.19508864428459616,0.12423989453024441
aptanastudio,4,0.6426376309200708,0.7313231147127339,0.15407925321935279,0.08743551108939851
aptanastudio,4,0.6374320697353846,0.7303985372734387,0.15969329485448874,0.09718608411395992
aptanastudio,4,0.6411815675368215,0.7289488017076655,0.15368839670529305,0.12263893185375437
aptanastudio,4,0.6315117104513795,0.7173725919164962,0.24764741320742117,0.17971898850888504
aptanastudio,4,0.6309182214546832,0.7227345326507936,0.1819665281245534,0.14484340993084116
aptanastudio,4,0.6350832813809987,0.7177995377202744,0.17386627298571541,0.07857011196787937
aptanastudio,4,0.6459386817856317,0.7267619138966159,0.23655994741101172,0.2194807816720867
aptanastudio,4,0.6402135574985189,0.7216858430592373,0.18008627965512697,0.15130463301940594
aptanastudio,5,0.6474029627099189,0.7370817495738667,0.22377107301472957,0.18820600310703578
aptanastudio,5,0.6510308850258412,0.7332893047102224,0.17093806201771292,0.12183435248818042
aptanastudio,5,0.6611538084836596,0.7420353560458569,0.1895940884290729,0.1333388812095108
aptanastudio,5,0.6500998022731294,0.7416676038166551,0.13532455644328695,0.041892767374229374
aptanastudio,5,0.6507796551123717,0.7426750142345062,0.18506837926021913,0.1519944676197707
aptanastudio,5,0.6605342713392623,0.7380906387748086,0.19252408650010697,0.13213952521125288
aptanastudio,5,0.6519605937345372,0.7380166784947974,0.22480480872508324,0.16306870347156663
aptanastudio,5,0.655781346722163,0.7359620995194264,0.23015892742081726,0.16048148221792144
aptanastudio,5,0.6584203850204534,0.737596598469655,0.20951499295041445,0.16147457084062472
aptanastudio,5,0.6567470380328089,0.7420026538140782,0.17978660219577108,0.1148185297011046
aptanastudio,10,0.6740310112515322,0.7764385263865591,0.1890595315835682,0.14621488307691285
aptanastudio,10,0.6833069480042584,0.7785528270733246,0.16663582478764352,0.12960011427644488
aptanastudio,10,0.6823111385024745,0.7722925467368569,0.15592334778334893,0.10533569446203127
aptanastudio,10,0.6853731681150346,0.7742672714253264,0.14116626811826904,0.08926596329630691
aptanastudio,10,0.6843880427283033,0.777092887904225,0.13766447387060088,0.08997219000598726
aptanastudio,10,0.6778268504976894,0.778700832135238,0.16185381257039025,0.09859170748777242
aptanastudio,10,0.685764370805064,0.7747280602364104,0.16350108062781343,0.11270121558117319
aptanastudio,10,0.6813325165795747,0.7730100100415532,0.16054104058274365,0.11203460313567223
aptanastudio,10,0.6784771984617893,0.7807478904423188,0.11058848365596882,0.07895669254590557
aptanastudio,10,0.680546029073544,0.7754437067504524,0.18162991517562854,0.14513436987119302
bamboo,1,0.5147455348300725,0.6285391769203234,0.2802062610850191,0.22212133879488885
bamboo,1,0.5200244268683145,0.6549754184124923,0.23001391025038576,0.19727768814194685
bamboo,1,0.4763610009521334,0.6423745052989867,0.25075774700887243,0.21507471548720372
bamboo,1,0.4718351189983065,0.6359381908953782,0.2042688777155462,0.18114652919094187
bamboo,1,0.5280751648852339,0.6647549227115229,0.2698434468563962,0.2080503037581086
bamboo,1,0.5068539937765482,0.6212818898511083,0.3845451726505183,0.36774044803108713
bamboo,1,0.5194996471206245,0.6565967568254946,0.18835409234825767,0.12248019724004061
bamboo,1,0.5036956887457239,0.6620413306843126,0.24798347081344363,0.2014479120222239
bamboo,1,0.5431363066149048,0.6602038370026492,0.2310317566177532,0.24243938031011344
bamboo,1,0.51699885934926,0.6077300152841245,0.22858360987466758,0.15657497037572762
bamboo,2,0.54608250550002,0.7205587180741277,0.22209986474443066,0.18962024642303604
bamboo,2,0.5806074200219327,0.7266128915261008,0.27553667022970035,0.1995205404679118
bamboo,2,0.5914928477757635,0.7251375405210155,0.3212958764667371,0.3031602832805919
bamboo,2,0.5763424554527333,0.7174956779275494,0.3020282176397207,0.2847183822312685
bamboo,2,0.547175062807603,0.7303686545308541,0.2951920907688155,0.27261936271930876
bamboo,2,0.5431811198109093,0.7415098674632323,0.3351694615764785,0.3063754092814979
bamboo,2,0.5578147140123589,0.7286362822167736,0.3119349299904676,0.3012445346272023
bamboo,2,0.5579819723226025,0.720424468784179,0.26804053025461444,0.25335637118711035
bamboo,2,0.5177570145825006,0.7088712044366017,0.2514261339692044,0.23083383049682585
bamboo,2,0.5691499678082425,0.7127589560567322,0.3156049327080439,0.29675224285737
bamboo,3,0.5878035924131633,0.7523586708346662,0.3194148511179712,0.29131040610281406
bamboo,3,0.585612135566213,0.7645657918275901,0.3160403240778321,0.27304138271251926
bamboo,3,0.5813103158212225,0.7728089938571224,0.3488451974649137,0.3388931603372932
bamboo,3,0.5773830824898176,0.7545217886036731,0.30933035722526875,0.2696978411395733
bamboo,3,0.5891439407127446,0.7599745356705582,0.2637423332599901,0.256293852455641
bamboo,3,0.5927472147247437,0.7581821685313063,0.21988876916340092,0.22055542250429216
bamboo,3,0.5899185893852266,0.7653096407106939,0.3584606299860115,0.36705188909479636
bamboo,3,0.5853409624533648,0.7625390970740816,0.25850357559107556,0.21446389707597804
bamboo,3,0.5934911200555826,0.7693488575271268,0.32479723171877195,0.27122558616278475
bamboo,3,0.5871690244121619,0.7697015227603082,0.3353153981387281,0.27949384629292123
bamboo,4,0.6162214516612172,0.7808107384525951,0.3002705421984198,0.26985957407949823
bamboo,4,0.6004169630925071,0.7798714281680632,0.28009550534515437,0.2718197458900679
bamboo,4,0.607055381972221,0.7803836448565921,0.2737548505825809,0.24529356815893152
bamboo,4,0.5936606358886971,0.778221483526827,0.339586234508322,0.31147296656790846
bamboo,4,0.5670507135468486,0.7822984362188026,0.27994072360147554,0.24496594737472868
bamboo,4,0.6114961811580768,0.78093038030685,0.31948620148635115,0.2987124146679396
bamboo,4,0.610104674096941,0.7824886806789114,0.28768553869528574,0.26804863570362747
bamboo,4,0.5977681245362177,0.7795292837665422,0.2288826023986127,0.22421478007699866
bamboo,4,0.6117580265975107,0.7873759113067891,0.2909133861252449,0.30071145674104177
bamboo,4,0.6117746667967868,0.7815506746297093,0.31017224057938503,0.3176311267319926
bamboo,5,0.6086313048155836,0.7974226099503876,0.26686356061645244,0.2507465107027825
bamboo,5,0.612231367628054,0.7908241356207724,0.2992836586959375,0.2759677581917549
bamboo,5,0.6172462778307235,0.8019936939343185,0.31814339082700394,0.3055194716691577
bamboo,5,0.6205589133123144,0.7930012521823193,0.28631284336737467,0.25627652956152247
bamboo,5,0.5806887357255868,0.7985764234721627,0.3160224248892852,0.287095759065357
bamboo,5,0.599747325377121,0.8036024247391327,0.3064727385227165,0.304609588783591
bamboo,5,0.6073757833009452,0.7923691327924696,0.2832685167510608,0.25517705927089196
bamboo,5,0.5849997016355742,0.7932029739133305,0.3425043078908006,0.3093454061653418
bamboo,5,0.6063356641263965,0.7919611679813039,0.24265908248404147,0.2582484713715631
bamboo,5,0.5942814214821293,0.7942448840438076,0.3001784271230522,0.30461514167823855
bamboo,10,0.6234761645688838,0.8371219683075194,0.30487431664941955,0.28164836941615357
bamboo,10,0.6243936940160084,0.8440898890315599,0.32066892075389625,0.3117728228788738
bamboo,10,0.6328103451103277,0.8377257423162012,0.3143882786784909,0.2907384579541209
bamboo,10,0.638510440350611,0.8463056109588692,0.3261323898053104,0.30987848266988993
bamboo,10,0.6325875567172146,0.8413973386676705,0.3093457276486316,0.28099868074239537
bamboo,10,0.6392178577803326,0.8429520741298303,0.3285367036570197,0.32988081232439104
bamboo,10,0.6332574106796119,0.8448362594363011,0.3022502764770377,0.2824250426856603
bamboo,10,0.6300212656942872,0.8433055219042099,0.3196194330184534,0.3050538203553915
bamboo,10,0.6327222309889899,0.8490125079113866,0.3463830635819793,0.32817052077295916
bamboo,10,0.6420962849391065,0.8421336229858615,0.318899094302524,0.3011445825235472
clover,1,0.48435384782505786,0.7244516710945579,0.3800960693899077,0.5046939583762838
clover,1,0.4919195785277435,0.7124231378601672,0.4633955097444841,0.5105045129320096
clover,1,0.4922822591049578,0.7236853590164112,0.2187778168052066,0.34148493994824675
clover,1,0.4906201776093546,0.7315669413092234,0.4444226455854111,0.36515957153343637
clover,1,0.49035350241318115,0.7115374142957219,0.38931538952845873,0.2767715776985473
clover,1,0.4852957597630361,0.7239479370271352,0.5243969507883706,0.39598253651392595
clover,1,0.48064404247449827,0.6894708927628405,0.3656961272485379,0.3024326081667409
clover,1,0.48030521965947204,0.7195551638606542,0.3914304269739759,0.31122951750575834
clover,1,0.491984999315299,0.7124263193384877,0.4588921713731234,0.4210354856914041
clover,1,0.49879497399627387,0.7015885073902071,0.4224460707634466,0.4044010841609426
clover,2,0.5517197028472351,0.7783554582798843,0.4375130156895566,0.49936986885313045
clover,2,0.5784002474116448,0.8181438745510841,0.4477164144038967,0.3863748521206212
clover,2,0.5620549928616442,0.7936664287468788,0.5020801548334023,0.5153015986698762
clover,2,0.5208782999857569,0.7705610484930555,0.49830286885992375,0.4698981956297864
clover,2,0.5279149066874798,0.7774150132883253,0.4331125186550855,0.34571448314811226
clover,2,0.5313343499459626,0.801400178347062,0.41657904341145513,0.42876487454227646
clover,2,0.5355830230917551,0.7855203595563505,0.4861540845493338,0.4517773731664648
clover,2,0.5244083078054981,0.7790337494578286,0.38400031077733304,0.4363321083822915
clover,2,0.5701123969643657,0.8077565599329954,0.4385386596018908,0.4798031642096632
clover,2,0.5208386916418839,0.7750978365781808,0.42812419869662466,0.36174080338785825
clover,3,0.5451817660022884,0.8245407669609661,0.4437539481740177,0.41564383158039336
clover,3,0.5599064009830007,0.828383356476544,0.5300976810316952,0.5045453162829978
clover,3,0.5567708595201195,0.8225198919317434,0.4514847787757283,0.45006123263489
clover,3,0.5683902382452598,0.828833853806736,0.4560828713066156,0.4267919885768441
clover,3,0.5780773010582353,0.8372539543299422,0.43167864694214336,0.4304675021562799
clover,3,0.5776916786710954,0.8232185445709393,0.5204747268085453,0.4688847268119272
clover,3,0.5348175029952037,0.8092196157633457,0.42295271638731585,0.4649930065513481
clover,3,0.5853143206528427,0.843533980436182,0.47740207055058703,0.4298999596182788
clover,3,0.5730476744026505,0.826534069178077,0.42993594411536523,0.38314526482104344
clover,3,0.560440813736869,0.8274933909410048,0.4640746469032497,0.44923694466303127
clover,4,0.5874322460628936,0.8582684670314903,0.4793408935939047,0.465492984501492
clover,4,0.6051102319292031,0.86078289539751,0.44438950677334205,0.44160214623515903
clover,4,0.5838947968812226,0.8494375316078218,0.47350701098348563,0.45769603106276224
clover,4,0.5787782448440792,0.8517313774769489,0.4742804558746189,0.4517908860840363
clover,4,0.5923046077929633,0.8484569999894239,0.4816633797309188,0.4421696887731601
clover,4,0.6039446162604616,0.855157829628197,0.45548597574354555,0.4713035390572177
clover,4,0.5813878322346413,0.8527910218562517,0.44296021270464514,0.4503044651511763
clover,4,0.5917639603355728,0.8416666647605653,0.49018921701253493,0.4921809967051162
clover,4,0.5687887355142291,0.8414100255093733,0.4778062692874562,0.37951028999432196
clover,4,0.6057391162327421,0.852400548417041,0.4257127098618228,0.4774113777995156
clover,5,0.6090849683690422,0.8709099650889764,0.4443351585475944,0.4458857411053104
clover,5,0.6054437347724388,0.8773823645843332,0.4897587182815501,0.44556143108359547
clover,5,0.61290578651839,0.8672688692003677,0.48524515297265014,0.47357370920922226
clover,5,0.6083256200989322,0.8767244348676404,0.4524867768377449,0.4847759178759587
clover,5,0.5960014994949157,0.8624599586695568,0.47231987675034315,0.4346024549331452
clover,5,0.5659805318761383,0.8615640543744858,0.4649405400006642,0.4374671934582937
clover,5,0.5995782719824552,0.8600161591222539,0.4682000482097681,0.4718575686776474
clover,5,0.6109477998510261,0.868051088670117,0.4495864556274782,0.4653173165730631
clover,5,0.5964454536910141,0.8645344946331197,0.48749326839900536,0.4599256624620524
clover,5,0.6055301137084712,0.870195829255287,0.46106633683064946,0.48518130540310234
clover,10,0.6364030999125165,0.9098308982714358,0.4476295018209997,0.45383133663732605
clover,10,0.638161789743626,0.9132475938891675,0.4751532025857215,0.4998428209681313
clover,10,0.6349004980822919,0.9102294314557253,0.435222538258671,0.47104679362336005
clover,10,0.642516008234549,0.918067533544823,0.44590215009449347,0.4376293484691512
clover,10,0.6381890398301584,0.9126908351830687,0.4725020584019048,0.4660605270394931
clover,10,0.6478282171988725,0.9134372099970731,0.4708755047976701,0.4710197677882172
clover,10,0.6352218712473653,0.9114736015776207,0.43430616194952204,0.4615201867354842
clover,10,0.6478297750632702,0.9158551335207024,0.4908645422392746,0.49370795639069065
clover,10,0.6512560611129654,0.9162708466879228,0.4806882541644593,0.47419530341750915
clover,10,0.6438236473558252,0.9095290820280915,0.4712708682223122,0.4520070927651796
datamanagement,1,0.4688382301050598,0.609005849840066,0.35401216322587864,0.42416098964001486
datamanagement,1,0.45273294234872535,0.6147848565282077,0.3041605731953136,0.36550777855762323
datamanagement,1,0.4499638179678283,0.6081758914210071,0.33164864163282204,0.382044269175969
datamanagement,1,0.4611838621264203,0.6138427434963366,0.34190324665149163,0.3917424971338103
datamanagement,1,0.46288591622273273,0.6093140467707648,0.35527447842777227,0.4288290695350487
datamanagement,1,0.4684355373021042,0.6058654206380093,0.3478327212790742,0.39187847612985166
datamanagement,1,0.45637674015987895,0.6082034174192933,0.33415889509050245,0.3626280534231882
datamanagement,1,0.44206554378716323,0.6182270316593955,0.3365158756693233,0.3868714378785299
datamanagement,1,0.45453019918201315,0.6011529151033602,0.32776154389784345,0.40428428923474163
datamanagement,1,0.45986733591305146,0.6127949006531588,0.35598917264179947,0.43575627467223044
datamanagement,2,0.4752298189393055,0.6317850895119813,0.3664777292781792,0.4412223484518801
datamanagement,2,0.4710131233106709,0.6311557672403048,0.3442747243403017,0.408357015463505
datamanagement,2,0.4828671112009523,0.6301003722250496,0.3454029955362731,0.40599544295136136
datamanagement,2,0.47876583058698857,0.6300923811453205,0.3530328540465264,0.42386485134537694
datamanagement,2,0.46862191782129314,0.6356476406872895,0.34107672636379255,0.3766157069155726
datamanagement,2,0.47386954486161403,0.6258707712960064,0.3437550641061951,0.38477009969319154
datamanagement,2,0.4824955150899505,0.6311869901427727,0.3563935349983306,0.43428772523631504
datamanagement,2,0.47587966018670186,0.6297914049387149,0.35198055773976494,0.3937069457810047
datamanagement,2,0.47567336341594013,0.6334857928306545,0.34990032669199883,0.41393914802752096
datamanagement,2,0.4710793929098273,0.6300026592087247,0.33443791801938255,0.41428762193151225
datamanagement,3,0.48855669980398825,0.6430068101139158,0.3604606966161253,0.40904708144901863
datamanagement,3,0.4841743518497997,0.6391763454958177,0.3662605221614487,0.4461386051095199
datamanagement,3,0.4914580816836383,0.64010002819422,0.37712427266002624,0.42685932030916807
datamanagement,3,0.48295561087126443,0.6411344585734277,0.3653759382011293,0.43109915719910297
datamanagement,3,0.47991021537642636,0.640546931521396,0.34945405889941955,0.402047901184681
datamanagement,3,0.4782787403259089,0.6432192144868208,0.3683132393906723,0.41325235593175236
datamanagement,3,0.4851405796764827,0.6389462003728683,0.35798101561958023,0.3943905894435988
datamanagement,3,0.4948620928571242,0.6382390301085178,0.350256879157986,0.3862183393159985
datamanagement,3,0.48239132653490424,0.6398066824588187,0.3478401965438011,0.3932525421308644
datamanagement,3,0.48678721015842313,0.6424714670789011,0.33643974212054706,0.41299785229782693
datamanagement,4,0.48819469747768485,0.648403631368363,0.36857434632240516,0.44548579475775724
datamanagement,4,0.4891443961186197,0.649587483788246,0.3679917198234877,0.4341893829833694
datamanagement,4,0.4798314874813633,0.6465568928514894,0.36303381529521744,0.41759560501106674
datamanagement,4,0.4865823308860904,0.6462967061661966,0.3530974258036803,0.40861330065998375
datamanagement,4,0.4909352613467183,0.6447971522462791,0.3540856722093603,0.4081355969308311
datamanagement,4,0.490285291735982,0.6456750029723881,0.36796101868967257,0.435985686463841
datamanagement,4,0.488615785868569,0.6451697650774576,0.381837331831684,0.4324733299697279
datamanagement,4,0.48877725634382146,0.6477568523168098,0.3656798531622881,0.4269618286692224
datamanagement,4,0.48812344111333705,0.6483037032222827,0.37077269183938694,0.4213019529007308
datamanagement,4,0.4795349136657073,0.643903800526906,0.3483551427128056,0.4163951584699008
datamanagement,5,0.49181799144666716,0.6522706632168312,0.36726399067553583,0.4318340236706305
datamanagement,5,0.4888147781732617,0.6521894282727473,0.35862755787812295,0.4110630159794551
datamanagement,5,0.49081805401820994,0.6506012009956772,0.3713420234052414,0.42906371616968136
datamanagement,5,0.4878400972174193,0.6496878619095738,0.3753480092269016,0.4431111216308153
datamanagement,5,0.5000406816016603,0.6488112782800496,0.37460964263252355,0.45072563133155297
datamanagement,5,0.4884770272618262,0.6505493854735244,0.3570396234146865,0.4115818738035905
datamanagement,5,0.4861929647875996,0.6518663433061755,0.3650710619985557,0.4147469161809468
datamanagement,5,0.48340027509797956,0.6506412015325554,0.3714997925791172,0.432340863370708
datamanagement,5,0.48858665281221664,0.6502061234913259,0.37002104438539724,0.4246709453215753
datamanagement,5,0.49327606228214005,0.6495105052651937,0.36184320227250444,0.43553392824239323
datamanagement,10,0.49533181967738155,0.6590313570911366,0.38271133541050795,0.4469965017107378
datamanagement,10,0.49718671982047213,0.658447054634732,0.38193258431034277,0.45509195164593347
datamanagement,10,0.4967617545992529,0.6579295540236333,0.37631272721681247,0.4426789962103195
datamanagement,10,0.5009628669030529,0.6575692291908075,0.37784387313813167,0.4323076891913289
datamanagement,10,0.4983646004377783,0.6575052287146673,0.38583242699100534,0.437758929138467
datamanagement,10,0.4968693848176628,0.6575569345614867,0.3693084378321354,0.4273212292216544
datamanagement,10,0.4968724177050631,0.6571432306675393,0.36980500880192874,0.4351432337643963
datamanagement,10,0.495503479324401,0.6580378905489669,0.36904824524253255,0.43039237582927103
datamanagement,10,0.49755863423981295,0.6581426133129793,0.3750245183494494,0.44023438291608596
datamanagement,10,0.4978532345751565,0.6579949225732069,0.3726487190459641,0.4305432444848317
duracloud,1,0.5245243677405617,0.6822751983362498,0.37632470717929195,0.3803234286301627
duracloud,1,0.5085503130017284,0.6738033020313866,0.32174934022631063,0.3642555228788638
duracloud,1,0.49733462611639445,0.6761676786594863,0.31312889248034004,0.33648881656454066
duracloud,1,0.5217390809256609,0.681647236265391,0.43474619972135076,0.44385558125941343
duracloud,1,0.5161917399338575,0.6744991471893869,0.36568815881097555,0.3775768243766534
duracloud,1,0.5195659941987526,0.6734313810404899,0.3518831218249742,0.41362668237463673
duracloud,1,0.5294303686046139,0.6929771410833114,0.3746803646722897,0.3939941501957065
duracloud,1,0.4924598685163863,0.6723992970271419,0.2922058409833736,0.29402479794297753
duracloud,1,0.4998525236477728,0.6503406443456987,0.44127054709434,0.4487582969387545
duracloud,1,0.5128941186879714,0.6855589991619223,0.32141756350686307,0.33938439836631723
duracloud,2,0.5501853775669174,0.729666470180133,0.33709903580491973,0.3472937518379613
duracloud,2,0.5347314427260863,0.724186999603827,0.336306646623049,0.40826078195431925
duracloud,2,0.526573717433951,0.731547832534341,0.32422046593252773,0.3643828309655649
duracloud,2,0.5325515769711024,0.7305710558310934,0.2936105635807065,0.3502299638801744
duracloud,2,0.5318639789969251,0.7340936223613465,0.33060052451150557,0.3418059606963343
duracloud,2,0.5352418244330077,0.7370312629573967,0.41921456283613845,0.46948513692677524
duracloud,2,0.5708380215451263,0.7379653081275847,0.3620214716732156,0.42440182213840394
duracloud,2,0.5249201132200695,0.7276928999658909,0.31904483794645033,0.32607122291661494
duracloud,2,0.5372464184596195,0.740354705765368,0.3479372667942528,0.3816317223722189
duracloud,2,0.5173933727364796,0.7232134429957388,0.2983183808199326,0.30718899584441256
duracloud,3,0.5495588459555766,0.7573313520486789,0.33989220854715796,0.3586973059871468
duracloud,3,0.5568522417321657,0.7612693543692783,0.32048184756873305,0.3058075676695706
duracloud,3,0.5677720458698191,0.7670893717660774,0.3030729291452331,0.3102335551944564
duracloud,3,0.5490410949079495,0.756549434617367,0.2791036927427931,0.26513127962721467
duracloud,3,0.565104555319721,0.7622128422509468,0.36906336429279213,0.4469543142633726
duracloud,3,0.5482781610195332,0.7513221323038722,0.3107522217724279,0.35330431873987167
duracloud,3,0.5647688861099374,0.7632071989331721,0.348788749281474,0.3936528561760396
duracloud,3,0.5731843700798088,0.7523531719620337,0.32501252812353504,0.38922686865115386
duracloud,3,0.5704197750956387,0.7623099672833186,0.36292757843417234,0.4072396085780145
duracloud,3,0.5564584965646945,0.7541646495483255,0.27768947369815794,0.323554856692246
duracloud,4,0.5726483605453883,0.7749108523635659,0.3168580024253724,0.34401082841068986
duracloud,4,0.5824264683095733,0.7764254719880119,0.3701661427201122,0.42958624081810487
duracloud,4,0.5591578959637964,0.7633849133741246,0.36160470460097455,0.42657418566041017
duracloud,4,0.5803151030191533,0.7714498157597347,0.3341499261363109,0.4048315896614763
duracloud,4,0.566601917127246,0.7714463780905781,0.34714913739660225,0.40056541441564086
duracloud,4,0.5758427196983871,0.7783224996700219,0.32354866051021414,0.3801256947933716
duracloud,4,0.566368110252839,0.77588001397691,0.2952221218984498,0.32459499084742105
duracloud,4,0.5710641704593974,0.7733570259048159,0.29800748819615713,0.33625857853540037
duracloud,4,0.57372950873877,0.7725204103705959,0.36046656562012247,0.4090517173014837
duracloud,4,0.5912305382690541,0.7828426429776594,0.3573229406780626,0.3991514820484497
duracloud,5,0.5824107806405032,0.788444694744015,0.3227984935049085,0.353030741787599
duracloud,5,0.5777060016779388,0.7902872854119133,0.3285648293388961,0.3800552690432816
duracloud,5,0.5803131003381918,0.7845385017418133,0.2865400298813452,0.35041144562079085
duracloud,5,0.5806517547232368,0.7859179643991684,0.3383367212071434,0.3869271970424463
duracloud,5,0.585967542683683,0.7930332868311871,0.29796298187825787,0.3338153467438172
duracloud,5,0.5653422453589653,0.7824988760620067,0.327078142140315,0.3695293280875251
duracloud,5,0.5807556070410118,0.791408444219735,0.2905610500928104,0.32784270139964755
duracloud,5,0.5899103509515347,0.7903100436520256,0.31919126688666405,0.37252242246634937
duracloud,5,0.5740262997274118,0.796569386464069,0.2971735376080014,0.34855599797418946
duracloud,5,0.5735886736595585,0.791794333461255,0.27319020594256793,0.3035349828878208
duracloud,10,0.6075317911825749,0.8193591748058661,0.323759939591364,0.36241903601113273
duracloud,10,0.6020732549152712,0.8256885764450235,0.2968649737775768,0.3354622258228444
duracloud,10,0.6104450776433743,0.8222423783878047,0.2897140563997402,0.34454714758445204
duracloud,10,0.6018543995448676,0.8282213988617932,0.2876385895797737,0.32803772655374286
duracloud,10,0.602672225704897,0.824521378979384,0.27148161913601865,0.3184923287338546
duracloud,10,0.5975604739985284,0.8278150141497322,0.2876155345058742,0.34125068074370174
duracloud,10,0.5948437740934149,0.8208231432037525,0.3082929766526353,0.3604660757874837
duracloud,10,0.5913180067609006,0.8231586260050177,0.326071047219526,0.37676963693331444
duracloud,10,0.5925434204368936,0.822528053046192,0.30650942978482976,0.36275762134810385
duracloud,10,0.5945966758532382,0.824583300539001,0.32206810788364726,0.36586989776554185
jirasoftware,1,0.5957589846517853,0.7269508357799536,0.4046384779704925,0.4138289742421477
jirasoftware,1,0.6475901455849175,0.7440686570233912,0.48275935384096746,0.43780637364558517
jirasoftware,1,0.6019943581270005,0.6988819324011286,0.41395383251848833,0.4312327559136478
jirasoftware,1,0.6089702315475884,0.7141573918307185,0.4483180269156264,0.5325615521610679
jirasoftware,1,0.636884848624475,0.7261599564447532,0.481512961578081,0.5538222981557631
jirasoftware,1,0.6142574608566199,0.7360927824696297,0.5719591250260898,0.5701540664157398
jirasoftware,1,0.628825063811888,0.7251969836618485,0.5749073188318268,0.49902855236574367
jirasoftware,1,0.6520177286767798,0.7391653660123778,0.3855243218661518,0.37376938211070676
jirasoftware,1,0.6389290651024832,0.7444503818701455,0.3861906363864895,0.33437355933651225
jirasoftware,1,0.5906600434452963,0.6764474998563457,0.37266171286614497,0.316641313913475
jirasoftware,2,0.6826472398776463,0.8121711088112565,0.3917517281626797,0.39599610525133055
jirasoftware,2,0.6857645372490134,0.7971164111680279,0.45062966510653835,0.42104117131379404
jirasoftware,2,0.6953752204892972,0.8003827049471783,0.48337380783792666,0.426787411285523
jirasoftware,2,0.7137232891247699,0.811674195392502,0.4569549708089576,0.41514708252511884
jirasoftware,2,0.7088934964016933,0.8281134952863547,0.5144248635360728,0.5147245172211273
jirasoftware,2,0.6944526116627884,0.7853315092787355,0.5074619441267368,0.4501088241781561
jirasoftware,2,0.6862391777716194,0.8311286510840317,0.3766482003346032,0.42974948938645574
jirasoftware,2,0.6500456882947574,0.7945928996742859,0.3627047745389009,0.4317819876823737
jirasoftware,2,0.6853738535443169,0.8071772742440444,0.41710653346412285,0.4531601009733052
jirasoftware,2,0.6991030186351973,0.8140195705336755,0.4648090570159652,0.35504103477404525
jirasoftware,3,0.7306321675627484,0.8484474937726482,0.47063750611920546,0.469812348683648
jirasoftware,3,0.7198227563716965,0.8513876055496941,0.36630259055600206,0.3399058108702042
jirasoftware,3,0.7047365554325506,0.841536085218278,0.47616827533709244,0.4576263709842584
jirasoftware,3,0.7350794596862003,0.8554713472763863,0.39549672764793714,0.3543888275168949
jirasoftware,3,0.718579799407254,0.851136363447879,0.4462334650874614,0.4802305014491824
jirasoftware,3,0.694030818868322,0.8308503916413242,0.42976917460283237,0.45182515906539406
jirasoftware,3,0.7374572752044536,0.8556005760279273,0.47225388698941645,0.42698979324706077
jirasoftware,3,0.7247887870870382,0.8534919839753158,0.36785162091830514,0.3093547937348293
jirasoftware,3,0.7362902346817095,0.8624291698194421,0.4152326108993565,0.35063593366636087
jirasoftware,3,0.7149226764827868,0.842993321379857,0.3465079761455008,0.3916471743404103
jirasoftware,4,0.7510937130784882,0.8761624638136234,0.40289146698938755,0.45055884877568825
jirasoftware,4,0.7581064540784768,0.8811244074229027,0.43874148872581664,0.5009638268870169
jirasoftware,4,0.749702325601109,0.8807026150494937,0.41289042179863794,0.3268100658846475
jirasoftware,4,0.7456515176393393,0.8770489387541426,0.4716452465512553,0.41378770875905835
jirasoftware,4,0.7546669996791766,0.8826425070615405,0.46313204578050476,0.48254755354695367
jirasoftware,4,0.7510181292005205,0.8793163330998526,0.39735604243850997,0.3698015148042918
jirasoftware,4,0.7413984240860286,0.8749150990954623,0.5008666315799652,0.4592912158248792
jirasoftware,4,0.7711655695109187,0.8905391863131819,0.38385289602519507,0.3930717203533931
jirasoftware,4,0.7532926655481942,0.8865893049998685,0.39392482851294247,0.44487027297004406
jirasoftware,4,0.7377543612202451,0.8645969895232904,0.3411399531049218,0.34987780017113274
jirasoftware,5,0.756440172808513,0.9062128243373547,0.3872666155377249,0.35322171979357303
jirasoftware,5,0.7711439425908883,0.8995877935223627,0.42141522204913245,0.4026383769543588
jirasoftware,5,0.7700760272652009,0.9033835264128788,0.4470805388529387,0.4054669537610966
jirasoftware,5,0.767346651414576,0.9028223929334119,0.49644865466381755,0.484576891451145
jirasoftware,5,0.7612958695126909,0.8904004239125071,0.42647647147484713,0.42537643845305706
jirasoftware,5,0.7688912862643424,0.8902855979371989,0.4325859584615906,0.4417674366261796
jirasoftware,5,0.749469588562666,0.8855702609382496,0.4286944141431652,0.366557641867412
jirasoftware,5,0.7628054269836737,0.8914284535805914,0.43386847949835844,0.42603578958668603
jirasoftware,5,0.7667727337694062,0.8961794563311944,0.43946812113643685,0.4049520532949253
jirasoftware,5,0.7755194210912579,0.8892078138313182,0.44820071619383695,0.42423005086239324
jirasoftware,10,0.8129575478987251,0.937535631404768,0.3776837217275863,0.38104670304632415
jirasoftware,10,0.8015734955446666,0.9355747158751473,0.39601080013860784,0.39336349483797994
jirasoftware,10,0.8066837012810828,0.9377841632380381,0.36452377314792545,0.357378246512795
jirasoftware,10,0.813182001935849,0.9316796022529046,0.3731180106347887,0.3565685728236871
jirasoftware,10,0.8041815062670723,0.936516497297596,0.40576322391108477,0.4064486723498943
jirasoftware,10,0.8010939405696264,0.9338828046923414,0.4189873491254422,0.41909465276576613
jirasoftware,10,0.8066827336408345,0.9362821534699732,0.404728915960527,0.38696486367667143
jirasoftware,10,0.8090776443610836,0.9389002555353163,0.39608955538323387,0.3687748057138562
jirasoftware,10,0.8030132192300891,0.9320069380009394,0.40606113520907106,0.3307720594685004
jirasoftware,10,0.8020085437609269,0.9374890347610726,0.3867318333486771,0.3562827701329639
mesos,1,0.49268870723775693,0.6014917278471449,0.44063350284798697,0.4476709894258685
mesos,1,0.4995363269208166,0.5917520974070257,0.39757779100637974,0.3978621232746037
mesos,1,0.5084127063014885,0.5993882778264996,0.4174968355594957,0.41089492241445574
mesos,1,0.48298111869273236,0.5712507494374456,0.40339061876388416,0.3929977294909974
mesos,1,0.48771107319881146,0.5964715923241277,0.4145769277039444,0.4391715939036601
mesos,1,0.48718154327880386,0.5985794968631833,0.41173707677027643,0.4154839546314208
mesos,1,0.4998222846869419,0.6060773991717973,0.39741655152094013,0.4219095486936309
mesos,1,0.5121964758701871,0.6053030930808562,0.41390280620939873,0.4192788067863084
mesos,1,0.49784724782082207,0.5943062669336635,0.4108814414547995,0.4351041616120974
mesos,1,0.5051264428009546,0.5941656789784023,0.4488571107182138,0.43788477351053295
mesos,2,0.5264558031671057,0.6310060251425417,0.4169503524187271,0.42121304590742076
mesos,2,0.5194224360319996,0.629312977805813,0.3988951244467689,0.39975005976745737
mesos,2,0.5257541909964247,0.6413719207220501,0.370229604651771,0.36366673243112413
mesos,2,0.5285864969351894,0.631104535305243,0.3831588345097868,0.3815024066682739
mesos,2,0.5240177238623485,0.6355153165958994,0.3937568238654284,0.4101202123621408
mesos,2,0.5224142488507799,0.6388795782846554,0.41581517573479415,0.4165386074291446
mesos,2,0.5180394211097488,0.6339978021871527,0.4222454081390448,0.4179229414846117
mesos,2,0.5141200599825603,0.6298849704955678,0.3990455906227713,0.39738208118516505
mesos,2,0.5207788418752196,0.6266937209805081,0.38223646253858845,0.39615154384546897
mesos,2,0.5266938474747062,0.6329542632755518,0.4055084771952363,0.3879196564405858
mesos,3,0.5233050059155684,0.6472501037246073,0.3937267091545192,0.37972180064940514
mesos,3,0.5345617208079718,0.6491066036809764,0.39979422185307856,0.4025457241104152
mesos,3,0.5288326047089186,0.653652448612562,0.4141174402964453,0.41705726231105344
mesos,3,0.527165692790871,0.6537639767432133,0.42892672626974737,0.41805366869301713
mesos,3,0.534774472969208,0.648736606757039,0.4164347078637734,0.4165510420572282
mesos,3,0.5195678425636763,0.6462487264613036,0.4337468657736779,0.421090008534804
mesos,3,0.531914732245872,0.6453094812171968,0.405536858330968,0.3979990677970509
mesos,3,0.5369090441004825,0.6503783191360231,0.3929073663405259,0.376131629017315
mesos,3,0.5295545523242216,0.6499581078719217,0.41174598210945434,0.4238023935923071
mesos,3,0.5293235025295939,0.6418938642420327,0.38939749380540273,0.3940769243178337
mesos,4,0.5405921417240354,0.6596029838699389,0.391691822070921,0.39515121073884735
mesos,4,0.5384291504443163,0.6589467644447417,0.3792090248092036,0.39389122296421647
mesos,4,0.5385356135702755,0.6570094580505802,0.4021847483343475,0.38700685657113176
mesos,4,0.5455311378262522,0.6653230861022111,0.3865469881933076,0.3885263354002445
mesos,4,0.5355813355656407,0.6597729645316762,0.40706717338674187,0.40243790279584807
mesos,4,0.5393986678246355,0.6578658360386225,0.3881642348592984,0.39634117192374424
mesos,4,0.535039944654947,0.6625477356334875,0.37871578028138375,0.378215901743068
mesos,4,0.5400476915683607,0.6662140075718681,0.39933436543755196,0.40603380090139785
mesos,4,0.5357680748958598,0.6609298865644817,0.4163672717159096,0.4178653495229612
mesos,4,0.5409500554237894,0.6632900621955098,0.38361197972842054,0.37673307234409636
mesos,5,0.5448818620849665,0.6697621293174313,0.40048511638176304,0.412368589455892
mesos,5,0.5402484719100895,0.6645628144123997,0.36451697677342376,0.35785354380203227
mesos,5,0.5421928359368532,0.6656455800214914,0.4124915264301753,0.4101815674349218
mesos,5,0.547550799487103,0.6686870758950914,0.3924964881420574,0.39407316120670305
mesos,5,0.5446236456955608,0.6673108177464214,0.40563896554887113,0.4048605282962974
mesos,5,0.5429447137136046,0.6649450923902319,0.4135995054909318,0.42631484291930777
mesos,5,0.5374390305741615,0.6650412723798684,0.40778286086167703,0.4085506677936387
mesos,5,0.5469790143099637,0.6683820570032543,0.391008115464068,0.3980000494782154
mesos,5,0.5379437730191508,0.6700948968350763,0.40975920429845425,0.4221021218153996
mesos,5,0.5433446191871456,0.669656491417057,0.40470805244405644,0.40763835876476684
mesos,10,0.5569048077144654,0.6861862207567188,0.38057779798557,0.37544330690747574
mesos,10,0.5648016678595096,0.6852099036534626,0.3899037130139465,0.3873226306790447
mesos,10,0.5571755834351242,0.6860699255544545,0.4090363405526871,0.4062163935979941
mesos,10,0.558278942874595,0.6852306643011595,0.38357939070924385,0.39975987657910234
mesos,10,0.5565367276552188,0.6832630758214895,0.3792844189358362,0.3779996046598239
mesos,10,0.5579823435423599,0.6882176310757472,0.3819115990164247,0.3957281120365163
mesos,10,0.5573902750822144,0.6882346614136744,0.3850090973549628,0.38582491244907835
mesos,10,0.5555245004042602,0.6893116765520515,0.3689887378012878,0.3727420475698369
mesos,10,0.5538808650151462,0.6864141609794502,0.3706047596083871,0.382194164662189
mesos,10,0.5551765156318932,0.6880038446850443,0.3845287995090025,0.40078049776312363
moodle,1,0.5137742481610571,0.6480705860620875,0.3094465946218655,0.3868293618253539
moodle,1,0.5255614526910007,0.6432111341926378,0.27658655740119203,0.2772654531151983
moodle,1,0.5187626435889484,0.6387930027670721,0.2681966489940403,0.3126178441477357
moodle,1,0.5074510024329548,0.6513528788267512,0.23786514945338894,0.28666496530142943
moodle,1,0.5178327498103633,0.6434739915512823,0.27765039526622554,0.32261635647984765
moodle,1,0.5058790547021954,0.6555357559816785,0.24527561080912844,0.2618773622733567
moodle,1,0.5155840594528055,0.6532550022381951,0.25117011368948133,0.2750245380801338
moodle,1,0.5055269336340251,0.6578772110988129,0.33112373311081444,0.40692645698109065
moodle,1,0.5288094776996948,0.6611717428274707,0.23213214037357913,0.25387931123603885
moodle,1,0.5037164544063644,0.6458534495114111,0.36423235878825644,0.385696336212916
moodle,2,0.5228115183137365,0.6890975447258764,0.2580487602694937,0.2876002212695029
moodle,2,0.5398309107865416,0.6954798691286027,0.18369368047851653,0.18657076040188378
moodle,2,0.5420409048945087,0.6958065679738354,0.24767415644573001,0.2847465523243214
moodle,2,0.5471699811419323,0.6857309847876167,0.25329975661080334,0.2602074655879679
moodle,2,0.5282985768347584,0.703504831467306,0.3109646507186637,0.3693137059364649
moodle,2,0.5365787739057915,0.6867643510963491,0.23522224958592144,0.24265718815462187
moodle,2,0.5403514623496665,0.6926974001024186,0.2802486261119823,0.2856414955351503
moodle,2,0.5532654501965778,0.6882271278491838,0.20881394917537202,0.23171583157071984
moodle,2,0.5375513204212795,0.698448449657965,0.14017459913293231,0.1617670322709132
moodle,2,0.5295604549121727,0.698194093033628,0.2412560273594006,0.3066150374601567
moodle,3,0.5588182118046704,0.7140934193898791,0.26922220308211425,0.31990496785435274
moodle,3,0.5474604237272628,0.7112188104783791,0.23481789088768704,0.26485528936439795
moodle,3,0.5328525399123303,0.7092674695348812,0.23925376593248346,0.22692145906501263
moodle,3,0.563523328897189,0.7191687465472719,0.2687455494643538,0.2938904342028489
moodle,3,0.5481690958465323,0.7105508411685953,0.2353280561314295,0.2390646100825344
moodle,3,0.5576109968906462,0.7145118394387028,0.238850556563683,0.25535428388345693
moodle,3,0.5515751058275047,0.71562590664991,0.24232472562939,0.2659551162355756
moodle,3,0.5446890064021587,0.7167551510736448,0.2364737702989697,0.27761072002430454
moodle,3,0.5559104971499412,0.7153513037735901,0.24557245508537778,0.2674874752786006
moodle,3,0.5556831067335204,0.7172555205936586,0.25446626794066685,0.30822565067900937
moodle,4,0.5571818233854849,0.7219410550651678,0.2353268410400353,0.2675562440997825
moodle,4,0.5621671559301699,0.7243443031190223,0.26172924308529627,0.30495936880673663
moodle,4,0.5658452095641481,0.7245781069565425,0.19939186201764433,0.20576769540173648
moodle,4,0.5731476889394798,0.7266460283310475,0.2679884473217487,0.27941436021019866
moodle,4,0.5568940439475456,0.7294938789944507,0.3185202579975255,0.3796736102805809
moodle,4,0.5562130642696473,0.7311626396794776,0.2469666530712074,0.28242880591662617
moodle,4,0.5573030219889,0.7322158111290897,0.2469425026391702,0.28404273900960486
moodle,4,0.5716507355197131,0.7256579618896576,0.13719464244443608,0.14759164402053407
moodle,4,0.5586166900004841,0.7300864855937522,0.2655988382181819,0.3053501654181425
moodle,4,0.5552567434172844,0.727316053667159,0.2763686770766746,0.3296118055311071
moodle,5,0.5718069224257524,0.7367468595205696,0.1666404586327852,0.175045105971802
moodle,5,0.570705442568018,0.7392224946540759,0.2852604661260215,0.3318574632434944
moodle,5,0.5707734158821769,0.7400241953926688,0.24745709469219593,0.27464891803616115
moodle,5,0.5677429493166133,0.7380071288948205,0.18104024148953,0.21171785837103144
moodle,5,0.5768642763324788,0.7374362713158359,0.20922075855769504,0.22943839792026915
moodle,5,0.5655134739286847,0.7364079665700991,0.22967783646771633,0.25537942007326825
moodle,5,0.5679318430796078,0.7436322449686842,0.2301449903666492,0.2861513333473607
moodle,5,0.5691906093936718,0.739366521167442,0.29456772209545057,0.3150944702457477
moodle,5,0.5801522021279131,0.7371179311521825,0.2398471546993129,0.2973260296555488
moodle,5,0.5651234500548722,0.734962527726551,0.26453858978031,0.3244133569174898
moodle,10,0.578294831288353,0.7634335504247505,0.1918377121055322,0.21702538856307507
moodle,10,0.5814041664897421,0.7626918258432496,0.22387640759839683,0.25612070053883557
moodle,10,0.5832035099644716,0.7602332669429519,0.15525658570244585,0.188817840917468
moodle,10,0.5768318212052533,0.761057965270577,0.22594595393321584,0.280531734987471
moodle,10,0.5747086949421804,0.7647681956168465,0.21587727454170388,0.26759703112475935
moodle,10,0.5803979371240705,0.7628980639750605,0.16088737783637225,0.18655985224404115
moodle,10,0.5803007311674476,0.7646156384633355,0.18937130643181863,0.22312779147443473
moodle,10,0.5809698492257798,0.766296630635897,0.1867003236983325,0.2302361162459789
moodle,10,0.574822578634479,0.7617231458610145,0.17103578362631372,0.20593748324989586
moodle,10,0.5788101012734462,0.7593142530803333,0.19307319036307383,0.24486632725162297
mule,1,0.5650524275268798,0.6198732404545588,0.2561182359696712,0.26500836465154803
mule,1,0.5876807893934205,0.6300934144427598,0.22915465863045847,0.2815583674305277
mule,1,0.5702288957419805,0.6125828109132168,0.22175559149101196,0.20007027216059828
mule,1,0.5599473441013014,0.6042511248021628,0.22716648919596424,0.24400729021440196
mule,1,0.5764548387064145,0.619638667958135,0.2807193859455193,0.29107129244952473
mule,1,0.6021161479383057,0.6460902955296327,0.22092185568342498,0.23710327561107117
mule,1,0.557154446553271,0.628714741961939,0.20454340797578996,0.22991023038058672
mule,1,0.5575011959763005,0.6081142814794711,0.1795224425231403,0.20485945511845383
mule,1,0.5873088618347936,0.6315608537283313,0.20365275674247188,0.22275754036974263
mule,1,0.5846995020616059,0.6377586436011172,0.18519925451788105,0.21575972714778838
mule,2,0.6285040981644796,0.6779668286876698,0.1668010527392159,0.19535307418912817
mule,2,0.6187941800502605,0.67888085267529,0.1858602168478998,0.21030740976989726
mule,2,0.6268991313828421,0.6758299072947463,0.26914830853469873,0.31333973891969924
mule,2,0.6328190177378481,0.675285294000453,0.2687111997295263,0.3139439765326922
mule,2,0.6329905090623422,0.6804628433793694,0.21790468259665222,0.24106681258871798
mule,2,0.6394611113053951,0.6935619282172776,0.17186786773764245,0.17454395971567666
mule,2,0.6270089043308984,0.6833351108992212,0.23606564035528033,0.2587402174279553
mule,2,0.618933962319102,0.6834146194837198,0.20176251074265683,0.23940788585701717
mule,2,0.6168596379717421,0.6728341325313055,0.1842117966192361,0.21094109578641151
mule,2,0.6092263694619198,0.6748142928027709,0.2401312072261462,0.2449463670822484
mule,3,0.6516903326018673,0.7109949715670151,0.1778327807017011,0.2179672667302752
mule,3,0.6453637890113607,0.704337546190591,0.17267400388688461,0.21034994635276139
mule,3,0.6446788116445946,0.7083106851854509,0.22527676996951243,0.2592026664314011
mule,3,0.6436731774815981,0.7061126283224605,0.21760529629645586,0.2583988340834304
mule,3,0.6481107360037363,0.7072353991695014,0.23237562954883795,0.2531286605347267
mule,3,0.6488610369101617,0.709924186457937,0.1465864664302737,0.19931115775871544
mule,3,0.6532386503286609,0.7102956651948417,0.16833695149331812,0.17988284620593006
mule,3,0.6584870360777996,0.7218378718423779,0.13392876682714036,0.15917952784883288
mule,3,0.6465652175586428,0.7010400592512782,0.25231618119151034,0.24971700845270162
mule,3,0.635587566222441,0.709448177518368,0.15491263898873214,0.17110176854851833
mule,4,0.6608827507834679,0.7243587375324247,0.16011605559508216,0.2041581468420017
mule,4,0.662533584473992,0.7258957382837979,0.1680004899209742,0.17990247847494428
mule,4,0.6572851241727199,0.724031849916964,0.21152880841772453,0.2170707264452929
mule,4,0.6644358587544235,0.7220219679282924,0.20542320806107847,0.23402319073906389
mule,4,0.6624200172300517,0.7224263986322894,0.18056173532745878,0.2101601677522907
mule,4,0.6648431095880265,0.7304721478089787,0.16110704926399705,0.18198240830883874
mule,4,0.6559963660030443,0.7202963137470614,0.1906684950426675,0.21917028854820156
mule,4,0.6580905081290088,0.731234281686874,0.13064649577729645,0.17734264873181357
mule,4,0.6629221772402322,0.7229829416325114,0.20870547949976262,0.22919692460640376
mule,4,0.6623773205136234,0.7206873619872446,0.1547784687624632,0.2025243057873746
mule,5,0.6748895624855846,0.7378157705540702,0.16121047415245082,0.17711033354847874
mule,5,0.6658895255043283,0.7359623078614718,0.16199985728143707,0.20291695116765884
mule,5,0.6794521499885973,0.734432365804294,0.15554565664937106,0.20210112132195718
mule,5,0.6696545775332448,0.7350940542928731,0.15694910515275584,0.17580369697742182
mule,5,0.6759933649242691,0.7396967672814122,0.1675398507571346,0.20463586538801415
mule,5,0.6651643620773224,0.7319678047800635,0.16895090499511417,0.20700482584906227
mule,5,0.6851252198455601,0.7391077850521749,0.14504810867281023,0.16925524457957064
mule,5,0.6718208524181801,0.7384507112062905,0.17448073832757163,0.20892878821245495
mule,5,0.6758254714577959,0.7376642735435377,0.17705557645411438,0.20498488350382238
mule,5,0.6720324993347925,0.7360065229749926,0.13049456908409823,0.1731838797456366
mule,10,0.6993460577937529,0.7733691997372515,0.13865419761495842,0.174517783356991
mule,10,0.6971040042094828,0.7705225227753513,0.11361064279645232,0.15708323779075994
mule,10,0.6998540378976913,0.7704944482512903,0.08193314475059374,0.11274157685894111
mule,10,0.6904246426740911,0.7699751813092781,0.09448364185276865,0.12433552239344448
mule,10,0.6995895555282962,0.7658877466044052,0.14304082135784899,0.20257556782313393
mule,10,0.6958286214599787,0.7681982298171635,0.09466150940754606,0.11284301024884785
mule,10,0.6983667282204302,0.7698292389612482,0.11710529464608592,0.15202138442992927
mule,10,0.6910046796834939,0.7730689574105342,0.15710214181869506,0.18676940990347046
mule,10,0.6968347632970717,0.7686301838765331,0.13636878195093466,0.18408851450141875
mule,10,0.6979596631247816,0.7687401832853539,0.151983101315919,0.19550576961479424
mulestudio,1,0.44054930076949866,0.5792987365809017,0.14927386104379278,0.18313500795062349
mulestudio,1,0.41555059059084526,0.558590898235327,0.19245384562889575,0.22559502123937167
mulestudio,1,0.42002071386887935,0.5582696302378287,0.1702604699640774,0.17620548123572566
mulestudio,1,0.4467132180057012,0.5727061294644105,0.11565724584328371,0.09225717251091768
mulestudio,1,0.4393317905620643,0.5644323047299098,0.25092240588622916,0.23727109022873402
mulestudio,1,0.43552571910046733,0.5491790255796092,0.1579603289205808,0.14663280352408462
mulestudio,1,0.41755830634810237,0.561999027238494,-0.02726564280264268,0.017819334936776628
mulestudio,1,0.42596161529694887,0.5570920260601616,0.27442515445296234,0.2917278587166781
mulestudio,1,0.4304602227734862,0.5743964305982533,0.183763020353974,0.16461054972114048
mulestudio,1,0.4389204862826017,0.5795274816046243,0.14815284464668477,0.11829264269120159
mulestudio,2,0.5115060743656048,0.6604688192549603,0.1207220663970619,0.11671625746695942
mulestudio,2,0.503585398935607,0.6467106990858525,0.18651977169974165,0.16953675354689723
mulestudio,2,0.4845635540899253,0.6577317963590898,0.22893551712053192,0.19070590708518848
mulestudio,2,0.5041552465317711,0.6544624057852558,0.27280129587854257,0.28013099535745545
mulestudio,2,0.5118624664281906,0.6497146730095421,0.1640424869154505,0.15582452030955546
mulestudio,2,0.5119447123845607,0.6437922206861894,0.1789698381695354,0.18793177818566428
mulestudio,2,0.5001111272501081,0.6529487728968613,0.14326145582971567,0.13462832094633853
mulestudio,2,0.4973578255630372,0.6408851887439782,0.17211672699168207,0.16672978328853466
mulestudio,2,0.4955592873356307,0.6487199052755748,0.07779197406180188,0.05980411444468713
mulestudio,2,0.503988419592036,0.6576203698523637,0.29948523873349825,0.2847210582162782
mulestudio,3,0.5386522312372596,0.6788084684100739,0.226780870363315,0.20419018265529917
mulestudio,3,0.5195643032379319,0.6949110869783476,0.19013720126814668,0.20715749601857852
mulestudio,3,0.527398121968365,0.6950178796644966,0.22404085017912415,0.23162817204244554
mulestudio,3,0.5259602076704273,0.6908555426591787,0.1931849905519074,0.18508423918991312
mulestudio,3,0.5281535544629465,0.6905439412410302,0.14682195013620508,0.12930802081452122
mulestudio,3,0.5263587122345834,0.6906644205760363,0.1610128321970845,0.17730856452376764
mulestudio,3,0.5397322404071886,0.6959864709153358,0.27558468663667035,0.24542927013311472
mulestudio,3,0.5288392828277506,0.6923306319803886,0.236050399061121,0.24252570764287454
mulestudio,3,0.5448353658437176,0.6978688761340329,0.23673537368066486,0.2219341756512113
mulestudio,3,0.5246091313932653,0.6979652350519949,0.22456901714318417,0.22312805563721821
mulestudio,4,0.5471821469957537,0.7083377508821979,0.21565560738783804,0.21813230540450962
mulestudio,4,0.5513431993259664,0.725196326643171,0.20079285803435706,0.20365506169069736
mulestudio,4,0.5591372367611078,0.7128744453525534,0.21083222366467075,0.18877213060299922
mulestudio,4,0.561223352288886,0.7171023309721282,0.1878868010066266,0.1541921115908243
mulestudio,4,0.5658601316706536,0.7169329970519642,0.13141627005664436,0.11608261242584247
mulestudio,4,0.5518933974440506,0.719381403507251,0.22169776012769835,0.16844719317131812
mulestudio,4,0.5336374724620218,0.7096907651156201,0.23432909857721415,0.23591493529317273
mulestudio,4,0.5381335183987985,0.7011286308160707,0.10977324533170113,0.10600611079637293
mulestudio,4,0.5572651218444481,0.7102997289270974,0.2110564259976134,0.21357701574916274
mulestudio,4,0.5609555352055882,0.7145659739885359,0.16067397275253853,0.16941891102400664
mulestudio,5,0.5740042535303179,0.7403351105313964,0.21505335952254495,0.24027704048476442
mulestudio,5,0.5755008378940659,0.7384815516129809,0.19092674656422712,0.1781682353874781
mulestudio,5,0.5574841423952455,0.7372775561393115,0.17432604554241013,0.15455529838268403
mulestudio,5,0.5590959178237648,0.7385784629069058,0.1901117128115518,0.16843753394813032
mulestudio,5,0.5544647126172896,0.7341562636986255,0.17116831628441076,0.1759794554131321
mulestudio,5,0.564259070350421,0.7305576263633857,0.1760624231874982,0.16737501939747693
mulestudio,5,0.5617962428958762,0.7331019007357786,0.2068777921107709,0.1914245532903577
mulestudio,5,0.5688069990333554,0.7338681382588976,0.1725774825929692,0.14642030061395395
mulestudio,5,0.5745856477837076,0.7340799130655397,0.20480793664849448,0.18588788655913463
mulestudio,5,0.5592930370296691,0.7300739598328125,0.19024135702450518,0.17330964612403565
mulestudio,10,0.5968143127158552,0.776801099657307,0.17967026979648182,0.17965768760303047
mulestudio,10,0.5825846855815686,0.779349363411654,0.16210187881645166,0.1488080605859678
mulestudio,10,0.5870924152491107,0.7758549716956232,0.14504236768951687,0.1559191806967955
mulestudio,10,0.6001294514200654,0.7774770850856089,0.10620718254689104,0.08707789703764166
mulestudio,10,0.6032965676910031,0.7777379292902833,0.14848346196284934,0.1397341863233876
mulestudio,10,0.5995746008984477,0.7746336684417848,0.1694493365909221,0.14338923637763537
mulestudio,10,0.5868791144016798,0.7786527252598525,0.15053940279478167,0.15413029256242264
mulestudio,10,0.5909584497796563,0.7782818048008059,0.17831570370017472,0.16619466232393285
mulestudio,10,0.6074882032754412,0.775952189865083,0.15795458842800925,0.15041535532441078
mulestudio,10,0.5930574966933694,0.7809468040086327,0.1347017491932024,0.13706244518965363
springxd,1,0.45870829737355195,0.5578013385980246,0.37697324280156436,0.3889621456904489
springxd,1,0.4592216994565761,0.5563385844853737,0.3700672737780154,0.3697409503395066
springxd,1,0.4637786088110683,0.5552983306387093,0.3917799624076549,0.3901542388277658
springxd,1,0.46067068965492314,0.5639606150915444,0.3861150791439605,0.4076701157973462
springxd,1,0.4661211714885588,0.553134903592986,0.4187991136651803,0.38534391906173404
springxd,1,0.4548043498059305,0.5515965666485432,0.37730779898862693,0.38199000875562467
springxd,1,0.4527539112818718,0.557541989236329,0.3912265837030062,0.3893015621881595
springxd,1,0.46235320097466276,0.5597270304511119,0.3986816398804128,0.3926581945266379
springxd,1,0.45092899358550753,0.5540035841803387,0.3954012793955586,0.37707592022998543
springxd,1,0.4718078797791944,0.5626975748350221,0.3812426085212244,0.38459002078905863
springxd,2,0.48145150984906354,0.5851553709969198,0.3936557960489909,0.3923844383353681
springxd,2,0.48044511608341123,0.5909018747537326,0.3967108373908245,0.4028656588702633
springxd,2,0.4786599553568589,0.5848551160502246,0.3927713461039067,0.39177081197432617
springxd,2,0.48507565667669156,0.5933247082673944,0.3890350561387727,0.3918242231351061
springxd,2,0.47970747981712103,0.589867623045129,0.37262759508946003,0.36165293717369906
springxd,2,0.48106593891739996,0.5911302676369684,0.3949214806570168,0.4007231576619358
springxd,2,0.480504348832728,0.5854901559625556,0.38929458624717156,0.38770254266059434
springxd,2,0.4738645930161965,0.5888435841082276,0.36479717433710007,0.3672808612391973
springxd,2,0.4766195047013071,0.5847829604088088,0.40781599244315025,0.4153065856705488
springxd,2,0.4855003882178864,0.5918253287268143,0.4030756930449452,0.4046684295002223
springxd,3,0.4837379077873189,0.6026762560979095,0.3716443530156495,0.3791853033778228
springxd,3,0.4849264301851269,0.5986214357524395,0.3855867738251265,0.38337381323678
springxd,3,0.48864128424550496,0.5984613471024391,0.3881530998205835,0.3894017713669766
springxd,3,0.4908349447524241,0.6013341304933658,0.4023119963373668,0.41517086792845576
springxd,3,0.48838300121310013,0.603509002777363,0.4095438529035691,0.4031566720487959
springxd,3,0.483745372604516,0.5978022999975374,0.398734776443887,0.40040344100104996
springxd,3,0.49063552378565384,0.5996162583196818,0.3973767711849202,0.39493974622181793
springxd,3,0.4929176253743113,0.5991182854183595,0.38231641177339376,0.38077753527339075
springxd,3,0.48682258966382186,0.602439398165938,0.36496424684481305,0.37758551609753827
springxd,3,0.48345420028506764,0.596824058635816,0.3848794323375214,0.39290635314428335
springxd,4,0.4937898041917364,0.608481113844331,0.4089153425412331,0.403134721300589
springxd,4,0.49151997776148193,0.6076165759069974,0.3971942123693853,0.39869475497707774
springxd,4,0.4982818579323564,0.6088016898002937,0.39586157033245317,0.3944752558265345
springxd,4,0.488020773093179,0.6075035471520789,0.39611260342142546,0.4033351396582234
springxd,4,0.49404437906161885,0.6102840800305251,0.39200440468110187,0.39616050794363716
springxd,4,0.4925741757557393,0.6101113741640629,0.38070956830673724,0.38437018177740656
springxd,4,0.4922483142453147,0.6086260407868477,0.39667688337130624,0.3954188588166225
springxd,4,0.4923472655359183,0.607182060759444,0.3863076631122965,0.3903373304024355
springxd,4,0.4936608608442307,0.6088222684428161,0.39820557376901106,0.4030489423831129
springxd,4,0.494261593259276,0.6082144431903641,0.37631479731815914,0.373077551311577
springxd,5,0.4983667308710827,0.614983018277402,0.3855775273259599,0.39607944023603053
springxd,5,0.49216531603469027,0.6091801238979976,0.37954775862098983,0.3811875326745168
springxd,5,0.49743834163447215,0.6142951210985992,0.39754251846998306,0.40285487543433973
springxd,5,0.5011072629537059,0.6131682199496183,0.4102781635876141,0.41962931266401077
springxd,5,0.49195132397980257,0.6136284799511328,0.3969449842261962,0.39931295295658564
springxd,5,0.5011174830562182,0.6137274083588816,0.3752892047552052,0.3774871739537434
springxd,5,0.4927786220483499,0.6115306573730295,0.3795527586082492,0.38657289922743676
springxd,5,0.49699691035884763,0.6143729210122871,0.3916668030628098,0.4050024368310456
springxd,5,0.49478537958324864,0.6115431698947127,0.39651894789644376,0.40108140155019895
springxd,5,0.5035991937012558,0.6127875244446968,0.391076826354797,0.3906896940028245
springxd,10,0.5034000886270097,0.6275218162147466,0.3978661468804218,0.4094360691946212
springxd,10,0.5029450551619845,0.6260023640341081,0.3898534610479981,0.40411651998847103
springxd,10,0.5015312214684665,0.624709987171473,0.385448873316095,0.39686221648031356
springxd,10,0.50496626563815,0.6245284728030145,0.3926035759090811,0.3995917867851593
springxd,10,0.502735725248899,0.626389753478122,0.38817868937854433,0.397231976659369
springxd,10,0.5037242825059827,0.6263429855995837,0.38089636016477574,0.38845305584173395
springxd,10,0.5061645925854025,0.6269798080424959,0.3852745482061669,0.3949899991270929
springxd,10,0.5052958603435824,0.6257930682528844,0.3748674396312482,0.3811349067153818
springxd,10,0.5065670311715346,0.6267334209821297,0.39088932610896104,0.40638259448678343
springxd,10,0.5029806345349858,0.6245023500027257,0.376511938942489,0.3968020700343127
talenddataquality,1,0.5030322950504923,0.5863728716566008,0.3304136239920215,0.3234510463714761
talenddataquality,1,0.5012458575185662,0.5880258925929819,0.2967799561455503,0.30935249013288235
talenddataquality,1,0.49790738758954345,0.5796844485310516,0.3020474741164044,0.31196387571821904
talenddataquality,1,0.49153454035700694,0.5732036371526251,0.3436039136078692,0.31583574859785607
talenddataquality,1,0.5026857169226986,0.5795454910799389,0.22622973895368187,0.22781259698921602
talenddataquality,1,0.49137546675485844,0.569126471428001,0.31070435501825183,0.27853258097368255
talenddataquality,1,0.5087663594046912,0.6025198981989094,0.2988268768245625,0.2964532694140975
talenddataquality,1,0.5098696637147885,0.5948520487444654,0.36038190493195393,0.37265686560478106
talenddataquality,1,0.5125454001404715,0.5981245663095883,0.26587197197163603,0.24269822630619142
talenddataquality,1,0.5042299617577999,0.6006786606461985,0.27969106018233364,0.2702753358640145
talenddataquality,2,0.5548095547146779,0.6325142738377645,0.3007255644843283,0.28914168236737714
talenddataquality,2,0.5304202696415115,0.6269280645439813,0.27795148630986577,0.2825905425067957
talenddataquality,2,0.5499819376610952,0.6424599852643785,0.30659852829053663,0.30694943020992765
talenddataquality,2,0.5444073155705677,0.6385793162251443,0.3140245600893471,0.32118228627862444
talenddataquality,2,0.539374007030117,0.6311200924802878,0.2960674103182868,0.278783039916097
talenddataquality,2,0.5530965238441985,0.6435976184060375,0.36044007838779873,0.3586370166740254
talenddataquality,2,0.5489346960124645,0.6415518689306999,0.3232550771687833,0.3115287910834408
talenddataquality,2,0.5488959461085448,0.6386630752260367,0.3008705959281549,0.2930384255859222
talenddataquality,2,0.5421237719029648,0.6447352294844596,0.29090581078464484,0.3017456775337133
talenddataquality,2,0.5534499401231542,0.6417882771445119,0.3122549155356664,0.3097495377787425
talenddataquality,3,0.5575019968462973,0.6519975616476865,0.28748011537747703,0.2900282368013906
talenddataquality,3,0.5545184727177819,0.6480019553776142,0.29955973021070836,0.28184179900955464
talenddataquality,3,0.553438692773974,0.6573180522780032,0.30210587063259486,0.3121400162361319
talenddataquality,3,0.5519900358303427,0.657991195494076,0.31921698072958593,0.3514099887795921
talenddataquality,3,0.559816957639473,0.6633018769112425,0.3325805412221144,0.3494045616869425
talenddataquality,3,0.5723026819940011,0.6654123173006986,0.30234561087130507,0.30644617158731935
talenddataquality,3,0.5563110267252991,0.6549537363523594,0.29755372586518575,0.2956281593467978
talenddataquality,3,0.5555011827046354,0.6499732868404482,0.33013901044069444,0.303289394099342
talenddataquality,3,0.569077067740825,0.6572893212625303,0.29338733214637536,0.31766298702703566
talenddataquality,3,0.5677631318633003,0.6599223705017185,0.2835796015151917,0.2971815314557673
talenddataquality,4,0.5774032060632659,0.6715971361313229,0.28308033177080616,0.2952963597665433
talenddataquality,4,0.5606766654407431,0.6619915908212047,0.32537558436246294,0.3031550942692389
talenddataquality,4,0.5784543177982233,0.6799383832623418,0.3114613827774921,0.31515781241844715
talenddataquality,4,0.5836118110836612,0.6752960255251328,0.32107364561380397,0.32827062545961805
talenddataquality,4,0.5755862375583546,0.6712638903342006,0.3094391125727979,0.32749115977902005
talenddataquality,4,0.572414467828641,0.6743102098647893,0.31937364306412486,0.3320190244213826
talenddataquality,4,0.5797914179363016,0.6745499811160577,0.27359549836992214,0.2624689753691368
talenddataquality,4,0.5743523775854593,0.6796248070752988,0.29829556605530144,0.3087839834446684
talenddataquality,4,0.57507956539473,0.677975502712257,0.2808675042499335,0.28462347326835535
talenddataquality,4,0.5663943256180338,0.6722072974067483,0.24756091223753704,0.2134747003126608
talenddataquality,5,0.5848989065817688,0.6843141191650292,0.2872597015354163,0.30307492400028857
talenddataquality,5,0.5816986225497961,0.681093950193651,0.28202911713535617,0.29232684130093184
talenddataquality,5,0.5859537490261093,0.6878734934524698,0.29880768631991766,0.31767293516259887
talenddataquality,5,0.5868897054939431,0.6870921569977756,0.2950110427107889,0.2920918897463071
talenddataquality,5,0.5879460616485312,0.6842215315004424,0.3051667007928392,0.3301543341877298
talenddataquality,5,0.5949364602372501,0.6861520584080293,0.30542156813785576,0.304565388781432
talenddataquality,5,0.5998609697418464,0.6907358691458803,0.28698716281382913,0.2741027347258397
talenddataquality,5,0.5842256310603565,0.686306622394231,0.27976053380624516,0.29827875228994244
talenddataquality,5,0.5821057800406172,0.6861556438751285,0.31141318612690955,0.3194893476795479
talenddataquality,5,0.5982052700021687,0.6913917387855343,0.299803657091108,0.29529987087321263
talenddataquality,10,0.6138667777330724,0.7153734169605197,0.30722256132321124,0.31445295775457305
talenddataquality,10,0.6169658656087182,0.7142556474207352,0.2920372658708353,0.2895200041110007
talenddataquality,10,0.6163232106024717,0.7138936725312695,0.3033667911332985,0.31447548735570147
talenddataquality,10,0.609177438978308,0.7130923963301646,0.29748311148630385,0.32190791499029225
talenddataquality,10,0.6129060097958281,0.7141293141230131,0.2763603731365617,0.27915463203860424
talenddataquality,10,0.6083511245329456,0.7166132459633938,0.3128584037028092,0.31608298902582355
talenddataquality,10,0.6118164150735319,0.7155586693365533,0.29721120375616694,0.2873202957826465
talenddataquality,10,0.6165842765571179,0.7165603464959183,0.27902922169707217,0.29135075364684965
talenddataquality,10,0.6115266632579311,0.7136908552670416,0.28834102451312676,0.3093042124161786
talenddataquality,10,0.6134588863556234,0.7143610946505949,0.2899121814189242,0.2862886156062994
talendesb,1,0.5683072884154462,0.683448727538505,0.42088302541933864,0.438319895807266
talendesb,1,0.5596894527444348,0.6824201849130921,0.3453171881880532,0.3885781967608727
talendesb,1,0.5834368804324352,0.6998076576837025,0.35619557601107926,0.3602384178741618
talendesb,1,0.5884239228559446,0.7018136432199477,0.4555303947045469,0.47757793465891696
talendesb,1,0.5843247091299616,0.6883575364535311,0.4175216993493681,0.442101761217009
talendesb,1,0.5883942242058393,0.7007123497416275,0.4358882647947653,0.4641489228182384
talendesb,1,0.5505147063732357,0.6838306695162671,0.338365348016552,0.35233814461424395
talendesb,1,0.5875406754519416,0.6985209290189142,0.40844281717485104,0.4134508621605465
talendesb,1,0.5867540119450367,0.6944417334330196,0.3936350677595029,0.39751230902844753
talendesb,1,0.5721426570027942,0.6926806101587183,0.4354849912092544,0.44604826609401366
talendesb,2,0.6009324337600151,0.7259705601425769,0.3938789776317423,0.3798438309057843
talendesb,2,0.6016704102198536,0.722581324258446,0.4024171399454234,0.4338371020773433
talendesb,2,0.6032168725824336,0.7223837386953998,0.38796682420007217,0.4003704986034806
talendesb,2,0.601549990728236,0.7257891750816348,0.3903549893299522,0.41895659963926335
talendesb,2,0.6147973735758757,0.7311790972723504,0.4262825349697613,0.46405691841006286
talendesb,2,0.6074006441381722,0.7331418373094039,0.3654707411780427,0.3738611232057362
talendesb,2,0.6162020467846188,0.728853700668334,0.3619529151563878,0.3849609708183912
talendesb,2,0.611159022751452,0.7206857330315161,0.3762121910092342,0.3880116433000021
talendesb,2,0.6064881243476932,0.7202865117798974,0.36036504792357815,0.3553585524879023
talendesb,2,0.6008003783511859,0.725845403693494,0.3583602877796704,0.3562870706598847
talendesb,3,0.6209933127732167,0.7431745281603811,0.3465151917483723,0.35675677737530737
talendesb,3,0.6192529005659281,0.7464394781831589,0.3933412536395949,0.4121954862226772
talendesb,3,0.6263715324122628,0.7441421296447014,0.36852552013426854,0.37796016170682134
talendesb,3,0.6234832003807005,0.7419946168248872,0.3471457531911538,0.3626269007337722
talendesb,3,0.6063104598387612,0.7410428562520871,0.332234355935828,0.34089933339252104
talendesb,3,0.6178060245659855,0.7435670875232839,0.40035456223888716,0.39609713596058915
talendesb,3,0.618247726831637,0.7404650131092778,0.3647333496521955,0.35215413579789284
talendesb,3,0.6323243368909872,0.7460578579443404,0.35326931914189214,0.34664113481326736
talendesb,3,0.6253320645334235,0.7416594784005173,0.3719478595187253,0.38492102153589386
talendesb,3,0.6093359780821778,0.740126373408168,0.36035263883964674,0.3624864729528726
talendesb,4,0.6284617835014181,0.762660098434224,0.3907514835715551,0.3669426338277972
talendesb,4,0.6368866853828986,0.7555664360560993,0.3620436636162195,0.36743292047662746
talendesb,4,0.6318106577989253,0.7538367864208156,0.35682193911721444,0.3675152402102583
talendesb,4,0.627519866144579,0.7595647616122145,0.34757548819139267,0.34269947227353514
talendesb,4,0.6226997575439042,0.754376285851869,0.3460324092304412,0.3381065153706654
talendesb,4,0.6269844400757734,0.750932751789541,0.376274340534867,0.3824756412133328
talendesb,4,0.6357253683887599,0.7599533087012317,0.31423422552426206,0.3129820484328269
talendesb,4,0.6275942145356966,0.7524867508874077,0.3822809459959722,0.39949161438854036
talendesb,4,0.6351416120264709,0.757027812189833,0.35999806062548595,0.35043389548187326
talendesb,4,0.6361127526459659,0.7574676293258131,0.38724686243873424,0.38870772928290936
talendesb,5,0.6331233754128806,0.7672410175140224,0.37785469689991125,0.3664705059437383
talendesb,5,0.6330217259393462,0.7680668835307513,0.32795193145003165,0.30735767369093625
talendesb,5,0.6337775955837267,0.7575217003941678,0.31925490774919635,0.3152276823429016
talendesb,5,0.641592262654765,0.7641342305707827,0.36748358568144857,0.3611403031911459
talendesb,5,0.6395605633332448,0.767395092616394,0.31230406775251907,0.2964987323575831
talendesb,5,0.6293697466475904,0.7629026517461013,0.3532657197040739,0.3382868924340622
talendesb,5,0.6314219459363393,0.7622943380327457,0.36948648436193254,0.37914169200128656
talendesb,5,0.6313468437512042,0.7612498220150712,0.31996282696368067,0.3211014374543207
talendesb,5,0.6313869189550048,0.7689513438868664,0.34073250963849444,0.3176900108459161
talendesb,5,0.6308707298454367,0.7616427031169176,0.346031876567608,0.3383232099636052
talendesb,10,0.6493854086435898,0.7912871237592919,0.32094511107699,0.31122670117158246
talendesb,10,0.6504536732705813,0.7917001230080272,0.329198119809183,0.3124324431524097
talendesb,10,0.656377946952378,0.7917479674815311,0.3328495456709318,0.30938177067079875
talendesb,10,0.6558829824621922,0.7897653742590718,0.34522866848233447,0.33416485283093317
talendesb,10,0.6459301238935694,0.7878667549009072,0.2950123958435473,0.2835043202871023
talendesb,10,0.6407749666710799,0.7882437950912337,0.3306758662068633,0.30810944655247613
talendesb,10,0.648879435227247,0.7907488166549121,0.3215318516106293,0.31231380588923596
talendesb,10,0.6467274588453092,0.7924114121091734,0.332554836708829,0.30427068367978233
talendesb,10,0.649878192494776,0.7901632707032752,0.31706448233111717,0.3154794838810663
talendesb,10,0.6529654307548153,0.7960678237972815,0.32032269410496716,0.30236643454741174
titanium,1,0.4843148437278029,0.5524017240577889,0.18630589425977664,0.2438986376508297
titanium,1,0.4944197466536292,0.549029622890141,0.15067837606054696,0.2316999108826011
titanium,1,0.5039562239566503,0.5479306343781057,0.1854105180025115,0.2386318564457324
titanium,1,0.4846032051255937,0.5455247364097038,0.21318922459700032,0.2649756859775242
titanium,1,0.4918558213748666,0.5456210424485912,0.20226429772104082,0.2715041212428886
titanium,1,0.4835179808237759,0.542797598923779,0.17638285181927515,0.27094799426194305
titanium,1,0.48907133528424734,0.5531752186065965,0.21421504744246422,0.2879992471755024
titanium,1,0.4902886203277973,0.5437801648912565,0.12478316894294826,0.20031836204642875
titanium,1,0.4838145340151611,0.5536591169306926,0.18679273029473337,0.28854134437167134
titanium,1,0.5043365617198997,0.5471109056666883,0.18796712196276244,0.22068084948116518
titanium,2,0.5269901022932632,0.58391496393278,0.18381546802746912,0.2890578457653701
titanium,2,0.5192012373978069,0.5949057350023483,0.18316312831876008,0.2512558567876252
titanium,2,0.5346870390293555,0.5802363463799687,0.18967406111945245,0.22843370854865788
titanium,2,0.5175580499495509,0.5899530773389257,0.17128436545917977,0.2643515316499064
titanium,2,0.5227899684517502,0.5862062595413892,0.20961708138197888,0.24310160899957556
titanium,2,0.5203201701733159,0.5878966097081406,0.18120046771111045,0.23403508301118106
titanium,2,0.5165244913169056,0.5874734954780412,0.175146321227529,0.30108157663275226
titanium,2,0.5285920097914079,0.5855582895106659,0.1643692733447458,0.22898689269669903
titanium,2,0.5325455752877155,0.5954088397397325,0.16414242751387634,0.2277876540691938
titanium,2,0.5153424417793296,0.5794122635010746,0.15168733023117248,0.21574763496387592
titanium,3,0.5404957120467524,0.6076107705692977,0.17257748359322878,0.25460267905555234
titanium,3,0.5413168068967213,0.6103341007829378,0.1695632453756307,0.2346642333109388
titanium,3,0.5520903005243039,0.6140310429986321,0.1718505835315284,0.2498405594745619
titanium,3,0.5378751846699338,0.602472570576884,0.15222198405406367,0.20465671368919452
titanium,3,0.5391482906134134,0.6100026529050703,0.17119007279746523,0.25530485267412245
titanium,3,0.5384778945645422,0.6105278927267307,0.17906530211639898,0.2486593884723298
titanium,3,0.53693568180478,0.6067848580583132,0.20321170220612453,0.3024897563964656
titanium,3,0.5432076711447165,0.612580465959893,0.17670312251170933,0.2402278300115272
titanium,3,0.5300589988309362,0.610367057254031,0.15191892959481829,0.23106343771956975
titanium,3,0.5512709502137867,0.6108833683031369,0.2150165770101038,0.26146221724164204
titanium,4,0.5576443679955359,0.624348646969949,0.17922638159289736,0.25592442165744755
titanium,4,0.5430836424710918,0.6193378914021566,0.1834334932506218,0.2897071168296365
titanium,4,0.5433612034731164,0.6176491966168203,0.18036956463139825,0.27911483463730424
titanium,4,0.5509192973268908,0.6196664798894246,0.15454437434768142,0.2402925038974481
titanium,4,0.5490633877593757,0.6250793398845097,0.1634503345589783,0.24691818952460465
titanium,4,0.5493969439648336,0.6175447606292574,0.18025562127224581,0.2507544801862953
titanium,4,0.5479509128890072,0.6241860490461418,0.19682101851640155,0.25293505093043567
titanium,4,0.5458106515263447,0.6167332657870988,0.17018793737673724,0.24000034218422436
titanium,4,0.543664192087257,0.6187841269548914,0.13520819234000628,0.22552646339106944
titanium,4,0.5420185636195773,0.6256423742577596,0.1687469295164481,0.2700617224919155
titanium,5,0.5566537247026432,0.6290820836377178,0.16485359929940802,0.24656853991278452
titanium,5,0.558004074529655,0.6297813295539025,0.15142495983304657,0.22693128969403126
titanium,5,0.5540614404288277,0.629054395625295,0.17815308551393538,0.25666266208858934
titanium,5,0.5516433942499088,0.6264613377357898,0.18716593674253595,0.271858150885078
titanium,5,0.554819415115502,0.6281985676324121,0.1873772948039016,0.27510382182666526
titanium,5,0.5507140523266137,0.6296325362724494,0.16653098453791776,0.24858068480163237
titanium,5,0.5517062141819987,0.6292115613367851,0.186405595050015,0.27627541151246465
titanium,5,0.5530504485731158,0.6270559954574967,0.17917294539475545,0.2530297690871706
titanium,5,0.5556475547706433,0.6289950989602556,0.1665322822487338,0.25291978926211783
titanium,5,0.553726744101978,0.6294665772000744,0.1685450154081313,0.25622890220608474
titanium,10,0.5687188151471262,0.6469688608718466,0.16009176799883296,0.26345348854826145
titanium,10,0.5661426789466165,0.6503744958471621,0.1425239881907638,0.24325230941946752
titanium,10,0.5678320298095344,0.6472663025757577,0.17481332950271883,0.26930514068360245
titanium,10,0.5727516859393333,0.6462515663646318,0.15007488281420037,0.23945023774503663
titanium,10,0.571577043828511,0.647864403322856,0.16538896990750715,0.2534717415266176
titanium,10,0.5709271638882845,0.6496816804107172,0.13191592595513693,0.2365227349469904
titanium,10,0.5686716774291739,0.6490737428980882,0.16574729134677701,0.26754464222706276
titanium,10,0.5670590478525463,0.650354661711562,0.1392824820554817,0.23061311584723143
titanium,10,0.5735205058594661,0.6484551246588257,0.16330495288014135,0.24350477710746998
titanium,10,0.5671398350326674,0.6484370078371098,0.14365220097524997,0.23363745837922273
usergrid,1,0.5649137351333404,0.6080799118585649,0.1557302755972341,0.12244253470027089
usergrid,1,0.5523176032516592,0.6109753654017644,0.29440005247972917,0.31253204285936503
usergrid,1,0.5628050979931253,0.6167410805631787,0.29136561511642883,0.2718874748460387
usergrid,1,0.5864067082205321,0.644785702154211,0.2962530462051056,0.2921169316376486
usergrid,1,0.5467544220913009,0.6175060830558344,0.3277217116436841,0.34710502339920674
usergrid,1,0.5874311430173681,0.6311365323026201,0.3058591921335753,0.2859353267241009
usergrid,1,0.5735956612142737,0.6333676354938139,0.39999698535253647,0.3687990873616572
usergrid,1,0.5385870967385827,0.6163920915106378,0.24749920657859817,0.2434892231297407
usergrid,1,0.5693469840938861,0.6393229834483471,0.3132776427274321,0.27714768369905757
usergrid,1,0.5600986247866815,0.6337990183193553,0.26240253585338447,0.24278098585933422
usergrid,2,0.6731872963875659,0.7321024164220535,0.2737721545564669,0.27503672406784613
usergrid,2,0.6335510182847911,0.6941244339146785,0.21588947696698976,0.20359414892684452
usergrid,2,0.658824924766789,0.7104834690914621,0.31620388291357293,0.2881631798853795
usergrid,2,0.6457325695377691,0.7014033979645105,0.3269372405931177,0.3105792332982443
usergrid,2,0.6611127952219753,0.717278239720716,0.26753795350207843,0.2243736929187701
usergrid,2,0.6497885758250147,0.7126684641263765,0.22276086329552838,0.18696088720729856
usergrid,2,0.6690280989061099,0.7229696502593541,0.26569034361542165,0.2552060804964651
usergrid,2,0.6770584051221868,0.7241767825914207,0.29880159961407743,0.2819059379817884
usergrid,2,0.6703565932605373,0.7275783858200933,0.26821989804067187,0.2339452102042633
usergrid,2,0.657045612958279,0.716658379694945,0.3392166970369739,0.28913270857593587
usergrid,3,0.6924080736607651,0.7633513815355707,0.2741385794401021,0.23070657181240461
usergrid,3,0.684961457977561,0.746087748245115,0.3089607596405886,0.29990066552211575
usergrid,3,0.7028029913532345,0.7587026624608649,0.2800432501600924,0.24230653564906193
usergrid,3,0.7137259292928263,0.7521402815616306,0.18688916724985644,0.1904470648392993
usergrid,3,0.7132090782540065,0.7701388719296225,0.32354828186941764,0.3300179397394003
usergrid,3,0.6998266532486968,0.7573249646183512,0.2494096621668989,0.19556287580223533
usergrid,3,0.6840514187120657,0.7509740572178419,0.22537047138855879,0.2261683524098001
usergrid,3,0.6937546038915844,0.7566320711219822,0.25241959696725463,0.23849030569687174
usergrid,3,0.6997064272325918,0.7579678209426175,0.30775045686042457,0.2428841272093934
usergrid,3,0.6935866960541615,0.7578498349086294,0.290697577049128,0.3140585348402411
usergrid,4,0.7210737924800248,0.7759181075278405,0.2879064653988715,0.25806653393810675
usergrid,4,0.7232086868157602,0.7823406616874805,0.27266665866359785,0.24330356869963413
usergrid,4,0.7274058697792344,0.7729838260635638,0.25590899656272464,0.22171952217724683
usergrid,4,0.7167077461834562,0.7789979936961575,0.22120559266887604,0.1587482899211071
usergrid,4,0.7175036667347643,0.7888342848098068,0.20167642220490256,0.15288298514774093
usergrid,4,0.7170375833737425,0.7701151822753938,0.2705429201990197,0.23530667602504468
usergrid,4,0.7306984559505006,0.7811062573632285,0.25615194047688655,0.2389441276371322
usergrid,4,0.7079532842638028,0.781835089798452,0.17524111244600712,0.13094825803515242
usergrid,4,0.7100088445351649,0.7783797515004313,0.21573273552495287,0.16257139596330122
usergrid,4,0.7278045110035846,0.7759273522709541,0.18897874155882483,0.17678427400145813
usergrid,5,0.7325426073683293,0.7803858607560963,0.23742916632877656,0.22165763736721134
usergrid,5,0.7402063596757225,0.8011158104770201,0.24936489834470368,0.238971631997148
usergrid,5,0.737256202802532,0.7913503572074793,0.17388659514631086,0.16164312381276846
usergrid,5,0.7309998974845032,0.7921493341310776,0.20297999938743014,0.1822095090145717
usergrid,5,0.7423638472065052,0.7955015935433811,0.23757791026284383,0.1948202580818091
usergrid,5,0.7325948398909649,0.7969795968486779,0.2659923343047802,0.23408960809434617
usergrid,5,0.7270903336616378,0.7943186131026988,0.2015755206117604,0.1741644837099546
usergrid,5,0.7286143919619373,0.7980341909193692,0.17458020896481757,0.1183581372379268
usergrid,5,0.7375087166790175,0.8032083580807978,0.2363348990146266,0.21337882500246005
usergrid,5,0.7249045619133937,0.7883522870157181,0.2716919748368589,0.24115135252839898
usergrid,10,0.7770572262151395,0.8380125047179633,0.1341871061940547,0.08957482448140781
usergrid,10,0.7831732325279861,0.831810553240873,0.16040206112386338,0.15172780202707797
usergrid,10,0.7787481561928798,0.8324143505254842,0.18846104897405438,0.17309181366933898
usergrid,10,0.7738090381626855,0.835379370760614,0.1529431364401807,0.14333897222226352
usergrid,10,0.7762295413129658,0.8338342275084539,0.17847312190696699,0.15896832480123338
usergrid,10,0.7789619121553175,0.835890142817644,0.1730106808569881,0.12153489081974997
usergrid,10,0.7708358507317242,0.8347429857565273,0.2237861960059728,0.1944008165915684
usergrid,10,0.7767145961072923,0.8347545416854193,0.19495712341025598,0.18080678665376668
usergrid,10,0.7742419409893413,0.8388703013196224,0.17764524214137264,0.15271795898764623
usergrid,10,0.7806943652161885,0.8353886155037278,0.18449211816192918,0.17760940480193166
